<?xml version="1.0" encoding="UTF-8"?><?xml-stylesheet type="text/css" href="idempiereDocument.css"?><idempiereDocument>
    <header>org.frontuari.idempiere.LVE.bankcharges Package Description</header>
    <H1>Package Name:</H1>
    <packagename>org.frontuari.idempiere.LVE.bankcharges</packagename>
    <H1>Author:</H1>
    <Name:/>
    <H1>Email Address:</H1>
    <Email>jcolmenarez@frontuari.com</Email>
    <H1>Created:</H1>
    <Date>2017-09-18 15:07:11.233</Date>
    <H1>Updated:</H1>
    <Date>2017-09-18 15:14:03.038</Date>
    <H1>Description:</H1>
    <description>Este plugins contiene procesos y módulos referente a los cargos / comisiones bancarias aplicados en la localidad de Venezuela, como por ejemplo el IGTF</description>
    <H1>Instructions:</H1>
    <instructions/>
    <H1>Files in Package:</H1>
    <file>File: PackOut.xml</file>
    <filedirectory>Directory: \dict\</filedirectory>
    <filenotes>Notes: Contains all application/object settings for package</filenotes>
    <H1>Client:</H1>
    <Client>0-SYSTEM-System</Client>
</idempiereDocument>
